{"vp":9.51,"ve":8.609999999999998,"vl":11.53,"vt":7.809999999999999,"vg":37.46,"vs":44.074999999999996,"er":38.223}