{"vp":9.45,"ve":8.2,"vl":13.799999999999999,"vt":12.049999999999999,"vg":43.5,"vs":49.099999999999994,"er":35.909193338482964}